{"llm_query_cost_breakdown": [0, 0.018533, 0.022376999999999994, 0.020249, 0.019673000000000003, 0.021204999999999998, 0.030827000000000004, 0.027165, 0.019653, 0.020805, 0.021953, 0.037733, 0.028099, 0.033489000000000005, 0.04348900000000001, 0.040985, 0.028865000000000002, 0.044449, 0.036167000000000005, 0.032325000000000007, 0.038862999999999995, 0.05135499999999999, 0.05884900000000001, 0.042889000000000004, 0.06269699999999999, 0.039244999999999995], "llm_query_time_breakdown": [0.4137139320373535, 5.762208461761475, 6.812324047088623, 4.568733215332031, 9.839736700057983, 35.475531578063965, 21.156170129776, 40.71347188949585, 8.027535438537598, 5.233193397521973, 7.385833978652954, 36.63841390609741, 11.455742120742798, 49.91971778869629, 8.485440015792847, 50.41169762611389, 3.73783016204834, 54.5687792301178, 5.316919565200806, 62.13307332992554, 8.952434301376343, 109.3636040687561, 61.51520323753357, 57.69791555404663, 58.362839460372925, 16.75134038925171], "llm_query_cost": 0.841939, "llm_query_time": 740.6994035243988}